Cluster,Size,Treatment Rate,Average Age,Family History Rate,Support Score Avg,Male %,Female %,Other %
0,579,0.43523316062176165,38.487046632124354,0.3143350604490501,0.18134715025906736,0.9067357512953368,0.06563039723661486,0.027633851468048358
1,425,0.5788235294117647,30.790588235294116,0.5223529411764706,0.37411764705882355,0.01411764705882353,0.9858823529411764,0.0
2,605,0.34049586776859503,34.35206611570248,0.2066115702479339,0.30578512396694213,0.9008264462809917,0.07272727272727272,0.026446280991735537
3,700,0.6014285714285714,30.544285714285714,0.48857142857142855,0.4,0.9042857142857142,0.07857142857142857,0.017142857142857144
4,403,0.5384615384615384,38.1712158808933,0.24813895781637718,2.3970223325062037,0.739454094292804,0.21339950372208435,0.04714640198511166
5,519,0.8477842003853564,32.72061657032755,0.7148362235067437,2.394990366088632,0.5549132947976878,0.4277456647398844,0.017341040462427744
